model,condition,accuracy,f1,pr_auc,roc_auc,confusion_matrix
rf,smote_40,0.8195354377605718,0.7502061005770816,0.8710213053731763,0.896335779942996,"[[921, 112], [191, 455]]"
lr,smote_40,0.8308516974389517,0.7738853503184714,0.8847576941607305,0.9103830557545278,"[[909, 124], [160, 486]]"
